class_number,label,wordnet_id,umap_x,umap_y
0,"tench, Tinca tinca",n01440764,1.916009,9.327968
1,"goldfish, Carassius auratus",n01443537,1.8821664,8.996173
2,"great white shark, white shark, man-eater, man-eating shark, Carcharodon carcharias",n01484850,2.908814,7.3053703
3,"tiger shark, Galeocerdo cuvieri",n01491361,3.3146436,8.809127
4,"hammerhead, hammerhead shark",n01494475,3.2195141,8.916373
5,"electric ray, crampfish, numbfish, torpedo",n01496331,2.0101867,4.2662506
6,stingray,n01498041,3.242659,9.005116
7,cock,n01514668,2.6148124,7.204592
8,hen,n01514859,3.4322374,8.099441
9,"ostrich, Struthio camelus",n01518878,3.1205835,8.525189
10,"brambling, Fringilla montifringilla",n01530575,3.18998,10.63245
11,"goldfinch, Carduelis carduelis",n01531178,3.2594032,10.476323
12,"house finch, linnet, Carpodacus mexicanus",n01532829,2.872651,7.139049
13,"junco, snowbird",n01534433,3.2156491,10.458492
14,"indigo bunting, indigo finch, indigo bird, Passerina cyanea",n01537544,2.9403012,7.56598
15,"robin, American robin, Turdus migratorius",n01558993,3.1131573,7.325553
16,bulbul,n01560419,3.3300004,10.320717
17,jay,n01580077,3.1476686,7.1601343
18,magpie,n01582220,3.640569,9.979931
19,chickadee,n01592084,3.2405076,10.390053
20,"water ouzel, dipper",n01601694,0.5757998,7.193819
21,kite,n01608432,3.25564,5.70558
22,"bald eagle, American eagle, Haliaeetus leucocephalus",n01614925,3.5546231,7.9652033
23,vulture,n01616318,3.4367085,8.458726
24,"great grey owl, great gray owl, Strix nebulosa",n01622779,2.8063219,7.5730295
25,"European fire salamander, Salamandra salamandra",n01629819,3.608314,7.20653
26,"common newt, Triturus vulgaris",n01630670,3.2460535,7.4212184
27,eft,n01631663,1.6203719,4.7747893
28,"spotted salamander, Ambystoma maculatum",n01632458,2.9751654,9.071218
29,"axolotl, mud puppy, Ambystoma mexicanum",n01632777,2.6263146,9.113072
30,"bullfrog, Rana catesbeiana",n01641577,3.617948,8.473793
31,"tree frog, tree-frog",n01644373,2.656756,8.774141
32,"tailed frog, bell toad, ribbed toad, tailed toad, Ascaphus trui",n01644900,3.099174,9.213101
33,"loggerhead, loggerhead turtle, Caretta caretta",n01664065,2.2723289,9.191603
34,"leatherback turtle, leatherback, leathery turtle, Dermochelys coriacea",n01665541,2.3423016,9.044309
35,mud turtle,n01667114,2.059112,8.6251745
36,terrapin,n01667778,2.7500377,9.155709
37,"box turtle, box tortoise",n01669191,2.166401,8.266909
38,banded gecko,n01675722,3.3064344,8.918454
39,"common iguana, iguana, Iguana iguana",n01677366,2.9297247,7.9736648
40,"American chameleon, anole, Anolis carolinensis",n01682714,3.957165,7.5637536
41,"whiptail, whiptail lizard",n01685808,3.219964,9.446604
42,agama,n01687978,2.9033449,9.874476
43,"frilled lizard, Chlamydosaurus kingi",n01688243,3.2425716,9.196714
44,alligator lizard,n01689811,3.2167418,9.062401
45,"Gila monster, Heloderma suspectum",n01692333,3.0276518,8.439538
46,"green lizard, Lacerta viridis",n01693334,2.839617,8.316619
47,"African chameleon, Chamaeleo chamaeleon",n01694178,3.9934118,7.8537703
48,"Komodo dragon, Komodo lizard, dragon lizard, giant lizard, Varanus komodoensis",n01695060,2.940807,8.494
49,"African crocodile, Nile crocodile, Crocodylus niloticus",n01697457,3.981352,8.155308
50,"American alligator, Alligator mississipiensis",n01698640,3.9033542,7.6231475
51,triceratops,n01704323,3.2793336,9.319201
52,"thunder snake, worm snake, Carphophis amoenus",n01728572,2.7757702,8.634984
53,"ringneck snake, ring-necked snake, ring snake",n01728920,2.7068703,8.653314
54,"hognose snake, puff adder, sand viper",n01729322,2.6196892,8.630667
55,"green snake, grass snake",n01729977,2.6090732,8.419169
56,"king snake, kingsnake",n01734418,2.606826,8.31137
57,"garter snake, grass snake",n01735189,2.5993202,8.642583
58,water snake,n01737021,1.9150438,8.033526
59,vine snake,n01739381,2.6027534,8.625237
60,"night snake, Hypsiglena torquata",n01740131,2.6382542,8.266223
61,"boa constrictor, Constrictor constrictor",n01742172,2.7448149,8.488163
62,"rock python, rock snake, Python sebae",n01744401,2.4003763,7.9853387
63,"Indian cobra, Naja naja",n01748264,3.9333196,7.804866
64,green mamba,n01749939,2.8304224,8.024263
65,sea snake,n01751748,2.4037454,8.564511
66,"horned viper, cerastes, sand viper, horned asp, Cerastes cornutus",n01753488,3.0194507,9.229324
67,"diamondback, diamondback rattlesnake, Crotalus adamanteus",n01755581,3.136268,9.259643
68,"sidewinder, horned rattlesnake, Crotalus cerastes",n01756291,0.5954227,3.8141694
69,trilobite,n01768244,3.1388907,9.334828
70,"harvestman, daddy longlegs, Phalangium opilio",n01770081,2.6408439,9.671026
71,scorpion,n01770393,2.9932785,9.207051
72,"black and gold garden spider, Argiope aurantia",n01773157,2.4578252,6.822209
73,"barn spider, Araneus cavaticus",n01773549,2.619887,8.44313
74,"garden spider, Aranea diademata",n01773797,2.6351967,8.735986
75,"black widow, Latrodectus mactans",n01774384,3.1493711,7.3901906
76,tarantula,n01774750,2.8720875,9.388595
77,"wolf spider, hunting spider",n01775062,3.0726132,8.788748
78,tick,n01776313,2.7508423,8.667837
79,centipede,n01784675,2.8780556,9.339747
80,black grouse,n01795545,3.5136735,7.780989
81,ptarmigan,n01796340,3.6108172,8.021497
82,"ruffed grouse, partridge, Bonasa umbellus",n01797886,3.652651,8.038286
83,"prairie chicken, prairie grouse, prairie fowl",n01798484,0.4835199,8.230652
84,peacock,n01806143,2.9024642,8.138376
85,quail,n01806567,3.6308126,8.065051
86,partridge,n01807496,3.4793005,7.96457
87,"African grey, African gray, Psittacus erithacus",n01817953,3.7692194,7.647393
88,macaw,n01818515,3.644595,9.95151
89,"sulphur-crested cockatoo, Kakatoe galerita, Cacatua galerita",n01819313,3.709293,10.11122
90,lorikeet,n01820546,3.7226167,10.004957
91,coucal,n01824575,3.3962653,10.493384
92,bee eater,n01828970,2.5248737,9.101719
93,hornbill,n01829413,3.4127903,10.364095
94,hummingbird,n01833805,2.958224,9.889585
95,jacamar,n01843065,3.2022727,10.470606
96,toucan,n01843383,3.618764,9.754386
97,drake,n01847000,3.1185067,7.2363224
98,"red-breasted merganser, Mergus serrator",n01855032,3.2360168,10.533239
99,goose,n01855672,3.2274046,7.671128
100,"black swan, Cygnus atratus",n01860187,3.1393483,7.3800755
101,tusker,n01871265,4.0833488,9.193611
102,"echidna, spiny anteater, anteater",n01872401,3.7485573,9.593325
103,"platypus, duckbill, duckbilled platypus, duck-billed platypus, Ornithorhynchus anatinus",n01873310,3.7558258,9.466451
104,"wallaby, brush kangaroo",n01877812,3.9639263,9.244261
105,"koala, koala bear, kangaroo bear, native bear, Phascolarctos cinereus",n01882714,3.9874787,9.315365
106,wombat,n01883070,3.9671893,9.328755
107,jellyfish,n01910747,2.0959852,9.153702
108,"sea anemone, anemone",n01914609,2.01654,8.828984
109,brain coral,n01917289,2.0611444,8.544476
110,"flatworm, platyhelminth",n01924916,2.292757,9.695224
111,"nematode, nematode worm, roundworm",n01930112,2.324589,9.768334
112,conch,n01943899,1.6434811,8.991519
113,snail,n01944390,2.0982912,8.610394
114,slug,n01945685,2.0991426,8.430313
115,"sea slug, nudibranch",n01950731,2.099079,8.663042
116,"chiton, coat-of-mail shell, sea cradle, polyplacophore",n01955084,1.3160939,7.959857
117,"chambered nautilus, pearly nautilus, nautilus",n01968897,2.4457746,5.8142343
118,"Dungeness crab, Cancer magister",n01978287,1.6817521,9.004925
119,"rock crab, Cancer irroratus",n01978455,1.82666,8.788453
120,fiddler crab,n01980166,1.6961517,8.8630705
121,"king crab, Alaska crab, Alaskan king crab, Alaska king crab, Paralithodes camtschatica",n01981276,2.036344,8.681122
122,"American lobster, Northern lobster, Maine lobster, Homarus americanus",n01983481,3.9911888,7.4598756
123,"spiny lobster, langouste, rock lobster, crawfish, crayfish, sea crawfish",n01984695,1.7709327,9.060772
124,"crayfish, crawfish, crawdad, crawdaddy",n01985128,1.9739722,9.26388
125,hermit crab,n01986214,1.7621754,8.958032
126,isopod,n01990800,2.2102847,9.492639
127,"white stork, Ciconia ciconia",n02002556,3.1081688,7.5051603
128,"black stork, Ciconia nigra",n02002724,3.1122782,7.460258
129,spoonbill,n02006656,3.1447809,10.592563
130,flamingo,n02007558,3.0077045,8.144311
131,"little blue heron, Egretta caerulea",n02009229,2.9405327,7.7196364
132,"American egret, great white heron, Egretta albus",n02009912,3.7945921,7.5632625
133,bittern,n02011460,3.1828632,10.594156
134,cranes,n02012849,2.4528205,4.415035
135,"limpkin, Aramus pictus",n02013706,3.051562,10.546231
136,"European gallinule, Porphyrio porphyrio",n02017213,3.8390703,7.4661
137,"American coot, marsh hen, mud hen, water hen, Fulica americana",n02018207,3.8701863,7.5252957
138,bustard,n02018795,3.5069137,10.361681
139,"ruddy turnstone, Arenaria interpres",n02025239,3.1779704,10.625251
140,"red-backed sandpiper, dunlin, Erolia alpina",n02027492,3.1431608,10.5692215
141,"redshank, Tringa totanus",n02028035,3.1715376,10.592525
142,dowitcher,n02033041,3.149514,10.621021
143,"oystercatcher, oyster catcher",n02037110,3.1859229,10.60003
144,pelican,n02051845,3.3133574,7.80428
145,"king penguin, Aptenodytes patagonica",n02056570,2.5808442,7.886951
146,"albatross, mollymawk",n02058221,3.6643028,8.151511
147,"grey whale, gray whale, devilfish, Eschrichtius gibbosus, Eschrichtius robustus",n02066245,3.0733306,7.7588463
148,"killer whale, killer, orca, grampus, sea wolf, Orcinus orca",n02071294,2.8207762,8.225812
149,"dugong, Dugong dugon",n02074367,2.165949,9.168058
150,sea lion,n02077923,2.9905539,8.309651
151,Chihuahua,n02085620,5.9939604,8.237186
152,Japanese spaniel,n02085782,6.2047276,7.214339
153,"Maltese dog, Maltese terrier, Maltese",n02085936,5.6731653,7.9564495
154,"Pekinese, Pekingese, Peke",n02086079,6.253017,8.483838
155,Shih-Tzu,n02086240,6.3109074,8.467595
156,Blenheim spaniel,n02086646,6.701569,7.6364894
157,papillon,n02086910,6.0434003,8.1557255
158,toy terrier,n02087046,5.8485413,7.86619
159,Rhodesian ridgeback,n02087394,6.571807,8.373912
160,"Afghan hound, Afghan",n02088094,5.7933874,7.943935
161,"basset, basset hound",n02088238,6.3410316,8.243047
162,beagle,n02088364,6.349597,8.283363
163,"bloodhound, sleuthhound",n02088466,6.332225,8.357613
164,bluetick,n02088632,6.715523,8.3647175
165,black-and-tan coonhound,n02089078,6.546702,8.206394
166,"Walker hound, Walker foxhound",n02089867,5.7173395,7.8812323
167,English foxhound,n02089973,6.0262227,7.112635
168,redbone,n02090379,6.708564,8.304835
169,"borzoi, Russian wolfhound",n02090622,6.861303,8.382393
170,Irish wolfhound,n02090721,6.2206297,7.2606206
171,Italian greyhound,n02091032,5.8805246,7.101235
172,whippet,n02091134,6.639276,8.374633
173,"Ibizan hound, Ibizan Podenco",n02091244,6.148583,8.172912
174,"Norwegian elkhound, elkhound",n02091467,6.2438526,7.175515
175,"otterhound, otter hound",n02091635,6.831128,8.415793
176,"Saluki, gazelle hound",n02091831,6.7598796,8.54283
177,"Scottish deerhound, deerhound",n02092002,6.1484556,7.3431625
178,Weimaraner,n02092339,6.636971,8.411681
179,"Staffordshire bullterrier, Staffordshire bull terrier",n02093256,6.1928606,7.552813
180,"American Staffordshire terrier, Staffordshire terrier, American pit bull terrier, pit bull terrier",n02093428,6.0996537,7.5676394
181,Bedlington terrier,n02093647,6.5696387,7.8686056
182,Border terrier,n02093754,6.0350437,7.708545
183,Kerry blue terrier,n02093859,5.7950554,7.5114827
184,Irish terrier,n02093991,6.1719346,7.4417286
185,Norfolk terrier,n02094114,6.332146,7.613882
186,Norwich terrier,n02094258,6.2533817,7.5946126
187,Yorkshire terrier,n02094433,6.320847,7.6420355
188,wire-haired fox terrier,n02095314,6.183252,7.715189
189,Lakeland terrier,n02095570,6.3580737,7.6713257
190,"Sealyham terrier, Sealyham",n02095889,6.5094705,7.865888
191,"Airedale, Airedale terrier",n02096051,6.449767,7.7570953
192,"cairn, cairn terrier",n02096177,6.3870234,7.5457244
193,Australian terrier,n02096294,6.0467596,7.5590982
194,"Dandie Dinmont, Dandie Dinmont terrier",n02096437,6.4608617,7.805018
195,"Boston bull, Boston terrier",n02096585,5.4475303,7.4692507
196,miniature schnauzer,n02097047,5.740707,8.065373
197,giant schnauzer,n02097130,5.589395,8.092053
198,standard schnauzer,n02097209,5.7306585,8.021623
199,"Scotch terrier, Scottish terrier, Scottie",n02097298,6.204265,7.6510243
200,"Tibetan terrier, chrysanthemum dog",n02097474,5.982489,7.682233
201,"silky terrier, Sydney silky",n02097658,6.182417,7.7548738
202,soft-coated wheaten terrier,n02098105,6.446676,7.8518744
203,West Highland white terrier,n02098286,5.6221666,7.403722
204,"Lhasa, Lhasa apso",n02098413,5.886891,7.778733
205,flat-coated retriever,n02099267,6.8984556,7.8841224
206,curly-coated retriever,n02099429,6.85106,7.834137
207,golden retriever,n02099601,6.840957,7.7528877
208,Labrador retriever,n02099712,6.83579,7.8368535
209,Chesapeake Bay retriever,n02099849,6.8272524,7.655416
210,German short-haired pointer,n02100236,6.0376325,7.1780453
211,"vizsla, Hungarian pointer",n02100583,6.7630367,8.446685
212,English setter,n02100735,6.1166353,7.009409
213,"Irish setter, red setter",n02100877,6.165728,7.1125755
214,Gordon setter,n02101006,6.135211,7.1436934
215,Brittany spaniel,n02101388,6.6235285,7.471192
216,"clumber, clumber spaniel",n02101556,6.7600293,7.692404
217,"English springer, English springer spaniel",n02102040,6.1296735,7.047494
218,Welsh springer spaniel,n02102177,6.498502,7.402968
219,"cocker spaniel, English cocker spaniel, cocker",n02102318,6.621824,7.704872
220,Sussex spaniel,n02102480,6.6488953,7.4891524
221,Irish water spaniel,n02102973,6.244569,7.240804
222,kuvasz,n02104029,6.789811,8.508288
223,schipperke,n02104365,6.738339,8.563659
224,groenendael,n02105056,6.6696787,8.641432
225,malinois,n02105162,6.6492014,8.436939
226,briard,n02105251,6.752646,8.442294
227,kelpie,n02105412,6.539784,8.294503
228,komondor,n02105505,6.7710557,8.443257
229,"Old English sheepdog, bobtail",n02105641,6.050778,7.0698256
230,"Shetland sheepdog, Shetland sheep dog, Shetland",n02105855,6.473181,7.7346973
231,collie,n02106030,6.396539,8.174793
232,Border collie,n02106166,6.097921,7.9125247
233,"Bouvier des Flandres, Bouviers des Flandres",n02106382,5.8490887,7.3477664
234,Rottweiler,n02106550,6.4658732,8.393453
235,"German shepherd, German shepherd dog, German police dog, alsatian",n02106662,5.982287,7.066065
236,"Doberman, Doberman pinscher",n02107142,6.3002906,8.2866
237,miniature pinscher,n02107312,5.8395095,8.084227
238,Greater Swiss Mountain dog,n02107574,3.454475,6.509968
239,Bernese mountain dog,n02107683,5.0822597,7.517208
240,Appenzeller,n02107908,6.5785804,8.0764675
241,EntleBucher,n02108000,6.766792,7.9308596
242,boxer,n02108089,5.8376627,7.70133
243,bull mastiff,n02108422,5.972789,7.697881
244,Tibetan mastiff,n02108551,5.934028,7.7009544
245,French bulldog,n02108915,5.852587,7.0979896
246,Great Dane,n02109047,3.8217795,6.9872885
247,"Saint Bernard, St Bernard",n02109525,4.179951,6.9212804
248,"Eskimo dog, husky",n02109961,5.3591495,8.004306
249,"malamute, malemute, Alaskan malamute",n02110063,6.548934,8.403815
250,Siberian husky,n02110185,6.233017,8.2311945
251,"dalmatian, coach dog, carriage dog",n02110341,6.234483,8.176888
252,"affenpinscher, monkey pinscher, monkey dog",n02110627,6.6875525,8.222097
253,basenji,n02110806,6.729193,8.43349
254,"pug, pug-dog",n02110958,6.1826653,8.258004
255,Leonberg,n02111129,2.67403,10.061455
256,"Newfoundland, Newfoundland dog",n02111277,6.5493903,7.531869
257,Great Pyrenees,n02111500,3.9073489,6.886109
258,"Samoyed, Samoyede",n02111889,6.7212234,8.458314
259,Pomeranian,n02112018,6.367592,8.36841
260,"chow, chow chow",n02112137,5.561848,7.674445
261,keeshond,n02112350,6.77424,8.431245
262,Brabancon griffon,n02112706,6.2415385,8.147275
263,"Pembroke, Pembroke Welsh corgi",n02113023,6.3764696,7.597117
264,"Corgi, dachshund",n02113186,5.958734,7.9638557
265,toy poodle,n02113624,5.6437173,8.032934
266,miniature poodle,n02113712,5.764375,8.111686
267,standard poodle,n02113799,5.780099,7.9416633
268,Mexican hairless,n02113978,4.278978,7.473831
269,"timber wolf, grey wolf, gray wolf, Canis lupus",n02114367,3.2492802,7.720973
270,"white wolf, Arctic wolf, Canis lupus tundrarum",n02114548,3.2293663,7.458561
271,"red wolf, maned wolf, Canis rufus, Canis niger",n02114712,3.1568286,7.5599723
272,"coyote, prairie wolf, brush wolf, Canis latrans",n02114855,3.7394078,8.101957
273,"dingo, warrigal, warragal, Canis dingo",n02115641,4.9483747,8.318228
274,"dhole, Cuon alpinus",n02115913,3.6203876,10.085824
275,"African hunting dog, hyena dog, Cape hunting dog, Lycaon pictus",n02116738,4.196127,7.810257
276,"hyena, hyaena",n02117135,3.773105,9.126911
277,"red fox, Vulpes vulpes",n02119022,3.3424904,7.341169
278,"kit fox, Vulpes macrotis",n02119789,3.2048602,7.3976235
279,"Arctic fox, white fox, Alopex lagopus",n02120079,3.421439,7.696391
280,"grey fox, gray fox, Urocyon cinereoargenteus",n02120505,3.270165,7.451248
281,"tabby, tabby cat",n02123045,5.187403,8.270495
282,tiger cat,n02123159,4.1551933,8.502937
283,Persian cat,n02123394,4.7671824,8.160251
284,"Siamese cat, Siamese",n02123597,4.710099,8.262321
285,Egyptian cat,n02124075,4.507834,8.204549
286,"cougar, puma, catamount, mountain lion, painter, panther, Felis concolor",n02125311,3.6565738,8.162274
287,"lynx, catamount",n02127052,3.7063107,8.255439
288,"leopard, Panthera pardus",n02128385,3.4945834,8.786053
289,"snow leopard, ounce, Panthera uncia",n02128757,2.9914653,8.005251
290,"jaguar, panther, Panthera onca, Felis onca",n02128925,2.6784537,3.9953966
291,"lion, king of beasts, Panthera leo",n02129165,3.5129383,8.616458
292,"tiger, Panthera tigris",n02129604,3.4075804,8.77091
293,"cheetah, chetah, Acinonyx jubatus",n02130308,3.6699026,8.982114
294,"brown bear, bruin, Ursus arctos",n02132136,3.2017193,7.4747763
295,"American black bear, black bear, Ursus americanus, Euarctos americanus",n02133161,3.381015,7.3247333
296,"ice bear, polar bear, Ursus Maritimus, Thalarctos maritimus",n02134084,2.9195151,7.422513
297,"sloth bear, Melursus ursinus, Ursus ursinus",n02134418,3.7552714,8.493468
298,mongoose,n02137549,3.2826118,9.406478
299,"meerkat, mierkat",n02138441,3.9870808,9.343373
300,tiger beetle,n02165105,3.0382814,9.453717
301,"ladybug, ladybeetle, lady beetle, ladybird, ladybird beetle",n02165456,1.5959641,8.53887
302,"ground beetle, carabid beetle",n02167151,2.7757516,9.48451
303,"long-horned beetle, longicorn, longicorn beetle",n02168699,2.7867267,9.622413
304,"leaf beetle, chrysomelid",n02169497,2.7616982,9.463435
305,dung beetle,n02172182,2.812982,9.576521
306,rhinoceros beetle,n02174001,2.957255,9.59306
307,weevil,n02177972,2.4560955,9.781497
308,fly,n02190166,3.0272503,5.7325273
309,bee,n02206856,2.5376062,9.048085
310,"ant, emmet, pismire",n02219486,2.6120481,9.18017
311,"grasshopper, hopper",n02226429,2.7245815,9.529765
312,cricket,n02229544,-0.9300201,4.800564
313,"walking stick, walkingstick, stick insect",n02231487,1.7290334,6.119695
314,"cockroach, roach",n02233338,2.7429929,9.464788
315,"mantis, mantid",n02236044,2.815966,9.323696
316,"cicada, cicala",n02256656,2.6622021,9.499179
317,leafhopper,n02259212,2.3574877,10.059237
318,"lacewing, lacewing fly",n02264363,2.566583,10.02087
319,"dragonfly, darning needle, devil's darning needle, sewing needle, snake feeder, snake doctor, mosquito hawk, skeeter hawk",n02268443,2.6378703,9.4236765
320,damselfly,n02268853,2.8218634,9.956965
321,admiral,n02276258,2.8474584,5.4827633
322,"ringlet, ringlet butterfly",n02277742,3.3332949,9.713765
323,"monarch, monarch butterfly, milkweed butterfly, Danaus plexippus",n02279972,2.5249832,8.08489
324,cabbage butterfly,n02280649,0.7402646,8.675771
325,"sulphur butterfly, sulfur butterfly",n02281406,2.306335,8.523443
326,"lycaenid, lycaenid butterfly",n02281787,2.068791,10.226729
327,"starfish, sea star",n02317335,1.9782324,8.868046
328,sea urchin,n02319095,2.1012528,8.797685
329,"sea cucumber, holothurian",n02321529,1.6889547,8.884351
330,"wood rabbit, cottontail, cottontail rabbit",n02325366,2.8696675,7.7948093
331,hare,n02326432,3.8341823,8.283392
332,"Angora, Angora rabbit",n02328150,2.3092785,7.6600995
333,hamster,n02342885,4.2994237,8.849945
334,"porcupine, hedgehog",n02346627,3.8743432,8.904827
335,"fox squirrel, eastern fox squirrel, Sciurus niger",n02356798,3.6550007,8.269269
336,marmot,n02361337,3.2070127,6.508137
337,beaver,n02363005,3.454676,8.000013
338,"guinea pig, Cavia cobaya",n02364673,4.3148994,8.587771
339,sorrel,n02389026,6.627759,7.725483
340,zebra,n02391049,3.6184943,8.900335
341,"hog, pig, grunter, squealer, Sus scrofa",n02395406,3.7905452,8.154823
342,"wild boar, boar, Sus scrofa",n02396427,3.7860622,8.156855
343,warthog,n02397096,3.8929114,9.243944
344,"hippopotamus, hippo, river horse, Hippopotamus amphibius",n02398521,3.8390138,8.913878
345,ox,n02403003,3.392732,8.179243
346,"water buffalo, water ox, Asiatic buffalo, Bubalus bubalis",n02408429,0.64179784,7.3580937
347,bison,n02410509,3.8153899,8.101016
348,"ram, tup",n02412080,1.7311603,4.063515
349,"bighorn, bighorn sheep, cimarron, Rocky Mountain bighorn, Rocky Mountain sheep, Ovis canadensis",n02415577,3.7839148,8.076814
350,"ibex, Capra ibex",n02417914,3.686115,8.237801
351,hartebeest,n02422106,3.721477,9.133611
352,"impala, Aepyceros melampus",n02422699,2.7334604,3.9673243
353,gazelle,n02423022,3.6372254,9.0096035
354,"Arabian camel, dromedary, Camelus dromedarius",n02437312,4.164256,7.942223
355,llama,n02437616,3.9303966,8.515297
356,weasel,n02441942,3.9427109,9.027113
357,mink,n02442845,2.3867784,7.6733007
358,"polecat, fitch, foulmart, foumart, Mustela putorius",n02443114,4.20979,9.011174
359,"black-footed ferret, ferret, Mustela nigripes",n02443484,4.3340826,8.915235
360,otter,n02444819,3.2313716,8.252874
361,"skunk, polecat, wood pussy",n02445715,3.9044483,9.027723
362,badger,n02447366,3.4203057,7.8743553
363,armadillo,n02454379,3.3777843,9.119887
364,"three-toed sloth, ai, Bradypus tridactylus",n02457408,3.578057,9.217505
365,"orangutan, orang, orangutang, Pongo pygmaeus",n02480495,4.1414924,9.449624
366,"gorilla, Gorilla gorilla",n02480855,4.108406,9.326783
367,"chimpanzee, chimp, Pan troglodytes",n02481823,4.139673,9.490685
368,"gibbon, Hylobates lar",n02483362,4.1036854,9.744489
369,"siamang, Hylobates syndactylus, Symphalangus syndactylus",n02483708,4.059413,9.809021
370,"guenon, guenon monkey",n02484975,4.1277137,9.727436
371,"patas, hussar monkey, Erythrocebus patas",n02486261,4.107793,9.727962
372,baboon,n02486410,4.122058,9.4466305
373,macaque,n02487347,4.115018,9.814726
374,langur,n02488291,3.9521503,9.969142
375,"colobus, colobus monkey",n02488702,4.0369563,9.698629
376,"proboscis monkey, Nasalis larvatus",n02489166,4.09116,9.6529255
377,marmoset,n02490219,4.0924907,9.804377
378,"capuchin, ringtail, Cebus capucinus",n02492035,4.1333475,9.723601
379,"howler monkey, howler",n02492660,4.0264874,9.543521
380,"titi, titi monkey",n02493509,4.111455,9.701819
381,"spider monkey, Ateles geoffroyi",n02493793,3.3893876,9.141273
382,"squirrel monkey, Saimiri sciureus",n02494079,3.9627674,9.156076
383,"Madagascar cat, ring-tailed lemur, Lemur catta",n02497673,4.5005803,8.403501
384,"indri, indris, Indri indri, Indri brevicaudatus",n02500267,3.9458654,9.922999
385,"Indian elephant, Elephas maximus",n02504013,4.047499,7.93295
386,"African elephant, Loxodonta africana",n02504458,4.108264,8.096445
387,"lesser panda, red panda, panda, bear cat, cat bear, Ailurus fulgens",n02509815,3.3781297,8.134669
388,"giant panda, panda, panda bear, coon bear, Ailuropoda melanoleuca",n02510455,3.4402251,8.586931
389,"barracouta, snoek",n02514041,1.9466572,10.278855
390,eel,n02526121,1.8740246,9.11379
391,"coho, cohoe, coho salmon, blue jack, silver salmon, Oncorhynchus kisutch",n02536864,1.9222467,9.144032
392,"rock beauty, Holocanthus tricolor",n02606052,1.8697683,6.8694663
393,anemone fish,n02607072,1.9169899,9.032217
394,sturgeon,n02640242,1.928695,9.215916
395,"gar, garfish, garpike, billfish, Lepisosteus osseus",n02641379,3.0878432,9.02108
396,lionfish,n02643566,2.0968733,9.1850195
397,"puffer, pufferfish, blowfish, globefish",n02655020,1.9100125,7.9437356
398,abacus,n02666196,2.525132,6.5900903
399,abaya,n02667093,1.4026788,7.528512
400,"academic gown, academic robe, judge's robe",n02669723,1.7563834,7.371749
401,"accordion, piano accordion, squeeze box",n02672831,2.2715766,2.6533463
402,acoustic guitar,n02676566,2.1319892,2.9788234
403,"aircraft carrier, carrier, flattop, attack aircraft carrier",n02687172,2.8462017,5.2308054
404,airliner,n02690373,2.8655732,5.177332
405,"airship, dirigible",n02692877,3.0683007,5.360413
406,altar,n02699494,2.3960347,6.2639585
407,ambulance,n02701002,2.6038842,4.6759496
408,"amphibian, amphibious vehicle",n02704792,2.6786602,9.224232
409,analog clock,n02708093,0.98723805,4.026499
410,"apiary, bee house",n02727426,2.5241091,9.135872
411,apron,n02730930,1.30852,7.2128005
412,"ashcan, trash can, garbage can, wastebin, ash bin, ash-bin, ashbin, dustbin, trash barrel, trash bin",n02747177,1.763749,8.560032
413,"assault rifle, assault gun",n02749479,2.3603277,5.491385
414,"backpack, back pack, knapsack, packsack, rucksack, haversack",n02769748,0.8075691,6.1484675
415,"bakery, bakeshop, bakehouse",n02776631,-0.2940384,8.043718
416,"balance beam, beam",n02777292,1.4390627,4.903419
417,balloon,n02782093,2.930612,5.817912
418,"ballpoint, ballpoint pen, ballpen, Biro",n02783161,0.66804683,6.5885096
419,Band Aid,n02786058,1.9057428,5.185006
420,banjo,n02787622,2.175564,2.7848039
421,"bannister, banister, balustrade, balusters, handrail",n02788148,2.9938443,6.787982
422,barbell,n02790996,0.73909134,5.56684
423,barber chair,n02791124,-0.015073897,5.335256
424,barbershop,n02791270,0.06194304,5.2925887
425,barn,n02793495,2.4324512,7.401803
426,barometer,n02794156,1.2896141,4.230786
427,"barrel, cask",n02795169,1.8922379,5.813085
428,"barrow, garden cart, lawn cart, wheelbarrow",n02797295,2.911329,6.920392
429,baseball,n02799071,-0.8802262,4.829477
430,basketball,n02802426,-0.9517525,4.776732
431,bassinet,n02804414,0.09847314,5.8656034
432,bassoon,n02804610,2.338458,2.5704885
433,"bathing cap, swimming cap",n02807133,0.8314328,6.6301594
434,bath towel,n02808304,0.039917786,6.18055
435,"bathtub, bathing tub, bath, tub",n02808440,-0.2955549,5.94892
436,"beach wagon, station wagon, wagon, estate car, beach waggon, station waggon, waggon",n02814533,3.0855503,5.450626
437,"beacon, lighthouse, beacon light, pharos",n02814860,1.7380688,4.711113
438,beaker,n02815834,-0.17458534,7.046818
439,"bearskin, busby, shako",n02817516,2.1841385,7.6094084
440,beer bottle,n02823428,0.1158317,6.9263577
441,beer glass,n02823750,0.03326967,7.026504
442,"bell cote, bell cot",n02825657,3.5494983,7.1450925
443,bib,n02834397,1.3450328,7.2303505
444,trikes,n02835271,3.2067819,4.457251
445,"bikini, two-piece",n02837789,1.0401638,7.1288314
446,"binder, ring-binder",n02840245,0.72477674,6.183916
447,"binoculars, field glasses, opera glasses",n02841315,0.6828168,4.5142365
448,birdhouse,n02843684,1.491222,8.227206
449,boathouse,n02859443,3.6017787,5.7141175
450,"bobsled, bobsleigh, bob",n02860847,3.538436,4.9791245
451,"bolo tie, bolo, bola tie, bola",n02865351,1.9893848,6.9065433
452,"bonnet, poke bonnet",n02869837,0.883589,6.6657205
453,bookcase,n02870880,-0.23306765,5.637467
454,"bookshop, bookstore, bookstall",n02871525,1.5914192,6.334783
455,bottlecap,n02877765,1.1745064,7.9072495
456,bow,n02879718,2.173354,6.839595
457,"bow tie, bow-tie, bowtie",n02883205,2.0412083,6.976347
458,"brass, memorial tablet, plaque",n02892201,1.8296164,5.485534
459,"brassiere, bra, bandeau",n02892767,1.2045403,7.331069
460,"breakwater, groin, groyne, mole, bulwark, seawall, jetty",n02894605,3.5961456,5.7261887
461,"breastplate, aegis, egis",n02895154,1.6264014,7.088298
462,broom,n02906734,1.8728224,5.4596953
463,"bucket, pail",n02909870,0.9094952,5.9346657
464,buckle,n02910353,1.6507155,6.6714797
465,bulletproof vest,n02916936,1.8970509,7.3716044
466,"bullet train, bullet",n02917067,2.380174,4.9601116
467,"butcher shop, meat market",n02927161,1.5165076,6.279551
468,"cab, hack, taxi, taxicab",n02930766,2.6753988,4.185737
469,"caldron, cauldron",n02939185,-0.6120329,7.394213
470,"candle, taper, wax light",n02948072,0.17285141,5.6950197
471,cannon,n02950826,2.3531141,5.466537
472,canoe,n02951358,3.5493271,5.504166
473,"can opener, tin opener",n02951585,1.6638824,5.0269933
474,tweed,n02963159,2.1092036,7.444327
475,car mirror,n02965783,2.2221336,4.411782
476,"carousel, carrousel, merry-go-round, roundabout, whirligig",n02966193,1.0010144,5.3741384
477,"carpenter's kit, tool kit",n02966687,1.1027664,5.7820535
478,carton,n02971356,0.6194356,6.331901
479,car wheel,n02974003,2.5601797,4.305567
480,"cash machine, cash dispenser, automated teller machine, automatic teller machine, automated teller, automatic teller, ATM",n02977058,1.6670407,4.8547306
481,cassette,n02978881,1.4692769,3.8906536
482,cassette player,n02979186,1.4300661,3.8338523
483,castle,n02980441,2.8027844,6.455045
484,catamaran,n02981792,3.782359,5.318148
485,CD player,n02988304,1.4838665,3.907625
486,"cello, violoncello",n02992211,2.2256997,2.7128303
487,"cellular telephone, cellular phone, cellphone, cell, mobile phone",n02992529,0.85226905,4.0282707
488,chain,n02999410,1.6469171,5.677289
489,chainlink fence,n03000134,0.77890515,5.347331
490,"chain mail, ring mail, mail, chain armor, chain armour, ring armor, ring armour",n03000247,1.5913262,5.3537707
491,"chain saw, chainsaw",n03000684,1.6854259,5.5579824
492,chest,n03014705,1.0458571,6.552104
493,"chiffonier, commode",n03016953,-0.34873277,5.833708
494,"chime, bell, gong",n03017168,1.41382,4.371612
495,"china cabinet, china closet",n03018349,1.2451065,5.560071
496,Christmas stocking,n03026506,2.311462,7.0766735
497,"church, church building",n03028079,2.5946562,6.1214037
498,"cinema, movie theater, movie theatre, movie house, picture palace",n03032252,0.8896121,4.561951
499,"cleaver, meat cleaver, chopper",n03041632,1.7460663,6.5305667
500,cliff dwelling,n03042490,2.996315,6.4550114
501,cloak,n03045698,1.7158139,7.4616337
502,"clog, geta, patten, sabot",n03047690,1.7298279,6.675396
503,cocktail shaker,n03062245,0.043738503,7.100539
504,coffee mug,n03063599,-0.3726193,6.981152
505,coffeepot,n03063689,-0.5095338,6.986263
506,"coil, spiral, volute, whorl, helix",n03065424,1.4232674,5.006441
507,combination lock,n03075370,1.3894858,4.938805
508,"computer keyboard, keypad",n03085013,0.6734381,4.0327744
509,"confectionery, confectionary, candy store",n03089624,-0.13661388,7.884586
510,"container ship, containership, container vessel",n03095699,2.6814504,5.19409
511,convertible,n03100240,2.6276927,4.035916
512,"corkscrew, bottle screw",n03109150,0.1851215,6.7458916
513,"cornet, horn, trumpet, trump",n03110669,2.3625035,2.5616388
514,cowboy boot,n03124043,2.0965471,6.9618144
515,"cowboy hat, ten-gallon hat",n03124170,2.14453,7.4115205
516,cradle,n03125729,0.18202996,5.83376
517,Gantry,n03126707,2.1011693,4.557274
518,crash helmet,n03127747,2.7422793,4.8974414
519,crate,n03127925,5.3587203,7.8892236
520,"crib, cot",n03131574,0.10221215,5.8590126
521,Crock Pot,n03133878,-0.52502435,7.386711
522,croquet ball,n03134739,-0.93477625,4.821881
523,crutch,n03141823,1.1746124,5.9918776
524,cuirass,n03146219,1.5601184,7.105071
525,"dam, dike, dyke",n03160309,2.0991383,6.3707476
526,desk,n03179701,-0.13009539,5.205655
527,desktop computer,n03180011,0.63559866,4.0573387
528,"dial telephone, dial phone",n03187595,0.93574446,4.0518756
529,"diaper, nappy, napkin",n03188531,0.5551307,6.0881944
530,digital clock,n03196217,0.99704915,4.114768
531,digital watch,n03197337,1.0772481,4.1810374
532,"dining table, board",n03201208,0.037366662,5.3725824
533,"dishrag, dishcloth",n03207743,1.0099782,7.4304714
534,"dishwasher, dish washer, dishwashing machine",n03207941,-0.89500815,6.674332
535,"disk brake, disc brake",n03208938,1.7413301,4.0981565
536,"dock, dockage, docking facility",n03216828,3.4908917,5.6270413
537,"dogsled, dog sled, dog sleigh",n03218198,3.5998673,5.0898833
538,dome,n03220513,1.6299298,5.794947
539,"doormat, welcome mat",n03223299,1.3402438,7.1392045
540,"drilling platform, offshore rig",n03240683,1.6043195,5.121349
541,"drum, membranophone, tympan",n03249569,2.0217016,3.4037008
542,drumstick,n03250847,0.23136751,8.434423
543,dumbbell,n03255030,0.70875645,5.5747924
544,Dutch oven,n03259280,-0.7711372,7.2960796
545,"electric fan, blower",n03271574,1.9208214,4.664087
546,electric guitar,n03272010,2.108709,3.3562932
547,electric locomotive,n03272562,2.2797022,4.556697
548,entertainment center,n03290653,1.0834,4.590001
549,envelope,n03291819,0.796282,6.0732675
550,espresso maker,n03297495,-0.46405053,6.874857
551,face powder,n03314780,0.69398946,7.1100516
552,"feather boa, boa",n03325584,2.6892982,8.127273
553,"file, file cabinet, filing cabinet",n03337140,1.0156308,4.464381
554,fireboat,n03344393,3.5906012,5.1383786
555,"fire engine, fire truck",n03345487,1.9450924,4.742172
556,"fire screen, fireguard",n03347037,0.8080983,4.672959
557,"flagpole, flagstaff",n03355925,1.9955673,5.8229527
558,"flute, transverse flute",n03372029,2.2518828,2.6846938
559,folding chair,n03376595,-0.045094185,5.4018054
560,football helmet,n03379051,-0.87722504,4.7560024
561,forklift,n03384352,2.6820686,4.2772264
562,fountain,n03388043,1.0933958,6.649466
563,fountain pen,n03388183,0.885694,6.597326
564,four-poster,n03388549,-0.25433815,5.8784595
565,freight car,n03393912,2.6427343,4.5178137
566,"French horn, horn",n03394916,4.992493,6.9148855
567,"frying pan, frypan, skillet",n03400231,-0.6101172,7.4312563
568,fur coat,n03404251,1.950009,7.6273246
569,"garbage truck, dustcart",n03417042,2.6817176,4.383962
570,"gasmask, respirator, gas helmet",n03424325,1.2914288,7.1696854
571,"gas pump, gasoline pump, petrol pump, island dispenser",n03425413,1.247368,5.40361
572,goblet,n03443371,-0.18479684,6.852013
573,go-kart,n03444034,3.2910163,4.5786815
574,golf ball,n03445777,-0.88705486,4.8277726
575,"golfcart, golf cart",n03445924,3.3578088,4.549611
576,gondola,n03447447,3.3635232,5.378926
577,"gong, tam-tam",n03447721,1.6430575,4.3197517
578,gown,n03450230,1.3776472,7.4594846
579,"grand piano, grand",n03452741,2.1915798,2.8771718
580,"greenhouse, nursery, glasshouse",n03457902,1.033022,5.3696666
581,"grille, radiator grille",n03459775,0.74265105,5.2494106
582,"grocery store, grocery, food market, market",n03461385,1.5522033,6.306834
583,guillotine,n03467068,0.28810057,6.587175
584,hair slide,n03476684,1.0951418,6.8155565
585,hair spray,n03476991,0.7531587,6.984859
586,half track,n03478589,1.8200867,5.200161
587,hammer,n03481172,1.8044075,5.3010187
588,hamper,n03482405,0.41877997,6.314842
589,"hand blower, blow dryer, blow drier, hair dryer, hair drier",n03483316,1.6795686,4.890767
590,"hand-held computer, hand-held microcomputer",n03485407,0.7993434,4.0831084
591,"handkerchief, hankie, hanky, hankey",n03485794,1.1173099,7.2829294
592,"hard disc, hard disk, fixed disk",n03492542,1.6734091,4.058841
593,"harmonica, mouth organ, harp, mouth harp",n03494278,2.211934,2.7447293
594,harp,n03495258,2.2189775,2.7424312
595,"harvester, reaper",n03496892,2.8115892,4.6056004
596,hatchet,n03498962,1.9034979,5.413264
597,holster,n03527444,1.837653,6.045874
598,"home theater, home theatre",n03529860,1.0367665,4.6581626
599,honeycomb,n03530642,0.5027933,4.9612045
600,"hook, claw",n03532672,1.6538934,5.5117145
601,"hoopskirt, crinoline",n03534580,1.8267473,10.165661
602,"horizontal bar, high bar",n03535780,0.8498655,4.934665
603,"horse cart, horse-cart",n03538406,1.9020389,6.3359284
604,hourglass,n03544143,2.0338292,6.5371547
605,iPod,n03584254,1.3721312,3.8966708
606,"iron, smoothing iron",n03584829,1.7954139,5.6700406
607,lanterns,n03590841,0.36909667,5.4433656
608,"jean, blue jean, denim",n03594734,4.1111407,6.99821
609,"jeep, landrover",n03594945,2.7442281,4.1418605
610,"jersey, T-shirt, tee shirt",n03595614,-0.6763893,5.004853
611,jigsaw puzzle,n03598930,2.565284,6.8076224
612,"jinrikisha, ricksha, rickshaw",n03599486,1.9394016,10.251603
613,joystick,n03602883,0.61005974,3.878588
614,kimono,n03617480,1.4861279,7.6226683
615,knee pad,n03623198,1.1351367,6.31202
616,knot,n03627232,1.9009681,6.8897247
617,"lab coat, laboratory coat",n03630383,1.9503449,7.4114976
618,ladle,n03633091,-0.20596951,7.072845
619,"lampshade, lamp shade",n03637318,0.27015734,5.6035
620,"laptop, laptop computer",n03642806,0.63606095,4.095749
621,"lawn mower, mower",n03649909,2.7356117,4.3354383
622,"lens cap, lens cover",n03657121,0.95933807,5.9881105
623,"letter opener, paper knife, paperknife",n03658185,1.5665373,5.286575
624,library,n03661043,1.307773,4.761419
625,lifeboat,n03662601,3.5964758,5.349121
626,"lighter, light, igniter, ignitor",n03666591,0.9083265,5.6143823
627,"limousine, limo",n03670208,2.7286315,4.4052896
628,"liner, ocean liner",n03673027,0.8088876,6.3162227
629,"lipstick, lip rouge",n03676483,0.64498645,6.928082
630,Loafer,n03680355,1.8364028,6.7473717
631,lotion,n03690938,0.31247687,6.87955
632,"loudspeaker, speaker, speaker unit, loudspeaker system, speaker system",n03691459,1.0320036,3.914437
633,"loupe, jeweler's loupe",n03692522,0.6424134,4.614508
634,"lumbermill, sawmill",n03697007,1.9845927,10.188722
635,magnetic compass,n03706229,1.487447,4.759409
636,"mailbag, postbag",n03709823,-0.9255696,4.7452674
637,"mailbox, letter box",n03710193,0.8352011,4.6419015
638,leotards,n03710637,1.3946319,7.7017055
639,unitards,n03710721,1.5121468,7.8435507
640,manhole cover,n03717622,0.7010712,5.7477956
641,maraca,n03720891,0.48217082,7.7067857
642,"marimba, xylophone",n03721384,2.2606304,2.6653147
643,mask,n03724870,1.1721051,6.991637
644,matchstick,n03729826,0.45175713,5.0845156
645,maypole,n03733131,1.3571631,7.832674
646,"maze, labyrinth",n03733281,2.5843182,6.7098007
647,measuring cup,n03733805,-0.28446147,7.167005
648,"medicine chest, medicine cabinet",n03742115,1.1069008,6.524679
649,"megalith, megalithic structure",n03743016,2.4631124,6.1386404
650,"microphone, mike",n03759954,0.93585527,4.0496655
651,"microwave, microwave oven",n03761084,-0.90577215,6.760074
652,military uniform,n03763968,2.4850059,5.328828
653,milk can,n03764736,0.44419903,7.2476244
654,minibus,n03769881,2.742915,4.407423
655,"miniskirt, mini",n03770439,1.2379415,7.4670725
656,minivan,n03770679,2.836827,4.3355675
657,missile,n03773504,2.6980147,5.29507
658,mitten,n03775071,1.9015994,7.5041075
659,mixing bowl,n03775546,-0.16965704,7.281821
660,"mobile home, manufactured home",n03776460,1.0998458,4.4057417
661,Model T,n03777568,2.1491814,4.8744287
662,modem,n03777754,0.7716512,3.969449
663,monastery,n03781244,2.657844,6.2198205
664,monitor,n03782006,0.8242925,4.0969114
665,moped,n03785016,3.215007,4.462898
666,mortar,n03786901,2.3312747,5.4226217
667,mortarboard,n03787032,1.3107104,7.529135
668,mosque,n03788195,2.5409753,6.15116
669,mosquito net,n03788365,2.6337686,8.410637
670,"motor scooter, scooter",n03791053,3.0073173,4.4558105
671,"mountain bike, all-terrain bike, off-roader",n03792782,3.3160067,6.130158
672,mountain tent,n03792972,3.2762532,6.35202
673,"mouse, computer mouse",n03793489,0.5519378,3.8921678
674,mousetrap,n03794056,3.191351,5.2316093
675,moving van,n03796401,2.5747507,4.5377445
676,muzzle,n03803284,2.1329174,5.68147
677,nail,n03804744,0.73777866,6.9128284
678,neck brace,n03814639,1.2760452,6.4530716
679,necklace,n03814906,1.5752872,6.833758
680,nipple,n03825788,1.0381057,7.034515
681,"notebook, notebook computer",n03832673,0.62867004,4.027548
682,obelisk,n03837869,2.3770242,5.999257
683,"oboe, hautboy, hautbois",n03838899,2.2941191,2.6260126
684,"ocarina, sweet potato",n03840681,2.2190056,2.7145495
685,"odometer, hodometer, mileometer, milometer",n03841143,1.1906041,3.9833417
686,oil filter,n03843555,1.1131265,5.750165
687,"organ, pipe organ",n03854065,2.2069674,2.8539867
688,"oscilloscope, scope, cathode-ray oscilloscope, CRO",n03857828,0.8247646,3.9804244
689,overskirt,n03866082,1.5144328,7.613934
690,oxcart,n03868242,3.277502,5.3130436
691,oxygen mask,n03868863,1.005293,7.008173
692,packet,n03871628,1.5891297,5.0984735
693,"paddle, boat paddle",n03873416,3.3521252,5.56566
694,"paddlewheel, paddle wheel",n03874293,3.727144,5.2278013
695,padlock,n03874599,1.3518769,5.713774
696,paintbrush,n03876231,0.42325917,6.654473
697,"pajama, pyjama, pj's, jammies",n03877472,1.4766986,7.4443007
698,palace,n03877845,2.592852,6.256977
699,"panpipe, pandean pipe, syrinx",n03884397,2.2921205,2.7298756
700,paper towel,n03887697,0.2205408,6.2571697
701,"parachute, chute",n03888257,3.079423,5.6579
702,"parallel bars, bars",n03888605,1.2335886,5.1216426
703,park bench,n03891251,3.149701,6.271204
704,parking meter,n03891332,1.4921719,4.8844137
705,"passenger car, coach, carriage",n03895866,2.590474,4.4017525
706,"patio, terrace",n03899768,0.21823284,5.3973923
707,"pay-phone, pay-station",n03902125,1.8841252,10.082279
708,"pedestal, plinth, footstall",n03903868,-0.17113939,5.7337475
709,"pencil box, pencil case",n03908618,0.6695156,6.4231277
710,pencil sharpener,n03908714,0.53174907,6.5869894
711,"perfume, essence",n03916031,0.40154567,6.903428
712,Petri dish,n03920288,-0.47414407,7.3559203
713,photocopier,n03924679,0.4930516,4.1999445
714,"pick, plectrum, plectron",n03929660,2.0906577,5.13952
715,pickelhaube,n03929855,1.648756,7.02291
716,"picket fence, paling",n03930313,0.8369482,5.435164
717,"pickup, pickup truck",n03930630,2.6681378,4.2572103
718,pier,n03933933,3.5420804,5.6799192
719,"piggy bank, penny bank",n03935335,2.7707436,6.5079265
720,pill bottle,n03937543,0.20656496,6.831542
721,pillow,n03938244,0.40454748,6.137905
722,ping-pong ball,n03942813,-0.9264822,4.823987
723,pinwheel,n03944341,1.2259582,7.932316
724,"pirate, pirate ship",n03947888,2.5334795,7.926508
725,"pitcher, ewer",n03950228,-0.16084018,6.700458
726,"plane, carpenter's plane, woodworking plane",n03954731,2.7410736,5.102521
727,planetarium,n03956157,1.1318183,4.604935
728,plastic bag,n03958227,0.79342896,6.1167784
729,plate rack,n03961711,0.5984732,5.753662
730,"plow, plough",n03967562,2.723248,4.374733
731,"plunger, plumber's helper",n03970156,0.5675579,6.2573676
732,"Polaroid camera, Polaroid Land camera",n03976467,0.7562505,4.3180227
733,pole,n03976657,1.9154304,5.8521647
734,"police van, police wagon, paddy wagon, patrol wagon, wagon, black Maria",n03977966,2.5248637,4.6024146
735,poncho,n03980874,1.620544,7.556415
736,"pool table, billiard table, snooker table",n03982430,0.03339617,5.384436
737,"pop bottle, soda bottle",n03983396,0.17312533,6.9749565
738,"pot, flowerpot",n03991062,-0.5133134,7.2967944
739,potter's wheel,n03992509,2.1595778,4.257334
740,power drill,n03995372,1.7489111,5.0751405
741,"prayer rug, prayer mat",n03998194,1.5971837,6.9263387
742,printer,n04004767,0.6273176,4.0118213
743,"prison, prison house",n04005630,2.4609203,4.9069433
744,"projectile, missile",n04008634,2.5012758,5.424828
745,projector,n04009552,0.6011801,4.52986
746,"puck, hockey puck",n04019541,0.07608457,7.666342
747,"punching bag, punch bag, punching ball, punchball",n04023962,0.88590056,6.122249
748,purse,n04026417,1.132802,6.2353425
749,"quill, quill pen",n04033901,2.4305534,7.8172345
750,"quilt, comforter, comfort, puff",n04033995,1.2294495,6.86801
751,"racer, race car, racing car",n04037443,3.1088,4.7342367
752,"racket, racquet",n04039381,-1.1191291,5.0156293
753,radiator,n04040759,0.9314007,5.2106104
754,"radio, wireless",n04041544,1.1755646,4.1643496
755,"radio telescope, radio reflector",n04044716,1.2415246,4.227458
756,rain barrel,n04049303,1.603028,5.8992076
757,"recreational vehicle, RV, R.V.",n04065272,2.6462824,4.40056
758,reel,n04067472,1.5726721,4.0861254
759,reflex camera,n04069434,0.7666876,4.3379216
760,"refrigerator, icebox",n04070727,-0.86331886,6.6865287
761,"remote control, remote",n04074963,0.93743765,4.1862793
762,"restaurant, eating house, eating place, eatery",n04081281,0.09022461,5.306312
763,"revolver, six-gun, six-shooter",n04086273,2.1791406,5.807705
764,rifle,n04090263,2.2240384,5.6574707
765,"rocking chair, rocker",n04099969,-0.04476935,5.4823813
766,rotisserie,n04111531,-0.9025195,6.973715
767,"rubber eraser, rubber, pencil eraser",n04116512,0.6658362,6.418816
768,rugby ball,n04118538,-0.92531854,4.8176756
769,"rule, ruler",n04118776,1.8878702,5.2529826
770,running shoe,n04120489,1.7707616,6.499294
771,safe,n04125021,1.5359726,5.334644
772,safety pin,n04127249,1.5314411,5.399594
773,"saltshaker, salt shaker",n04131690,1.1288614,7.917148
774,sandal,n04133789,1.7465826,6.7227726
775,sarong,n04136333,1.4347736,7.5641317
776,"sax, saxophone",n04141076,2.2703989,2.6569679
777,scabbard,n04141327,1.797224,6.3928
778,"scale, weighing machine",n04141975,2.0939307,4.685813
779,school bus,n04146614,2.4291112,4.7823443
780,schooner,n04147183,3.7426088,5.3250957
781,scoreboard,n04149813,-0.959975,4.7204766
782,"screen, CRT screen",n04152593,0.6465231,4.3991194
783,screw,n04153751,0.623154,5.9115815
784,screwdriver,n04154565,0.2912634,6.5176244
785,"seat belt, seatbelt",n04162706,1.1533018,5.927224
786,sewing machine,n04179913,1.2194529,5.1549387
787,"shield, buckler",n04192698,1.1973542,5.8200665
788,"shoe shop, shoe-shop, shoe store",n04200800,1.564705,6.3974586
789,shoji,n04201297,0.621713,5.196744
790,shopping basket,n04204238,1.6206555,6.409825
791,shopping cart,n04204347,1.6214687,6.2707996
792,shovel,n04208210,1.956022,5.2902555
793,shower cap,n04209133,0.26983547,6.186591
794,shower curtain,n04209239,0.05391471,5.867505
795,ski,n04228054,3.3432543,6.1319675
796,ski mask,n04229816,2.9868114,6.1971073
797,sleeping bag,n04235860,0.72333765,6.147606
798,"slide rule, slipstick",n04238763,1.4113911,5.222313
799,sliding door,n04239074,0.6260975,5.07913
800,"slot, one-armed bandit",n04243546,1.5839756,4.51147
801,snorkel,n04251144,3.3321903,5.9308224
802,snowmobile,n04252077,3.255278,4.659355
803,"snowplow, snowplough",n04252225,2.7761807,4.4417663
804,soap dispenser,n04254120,0.17120975,6.478778
805,soccer ball,n04254680,-0.92372257,4.8239627
806,sock,n04254777,1.8438962,7.037239
807,"solar dish, solar collector, solar furnace",n04258138,0.912271,5.330542
808,sombrero,n04259630,1.4973013,7.925625
809,soup bowl,n04263257,-0.28359494,7.911733
810,space bar,n04264628,1.0348102,4.8954573
811,space heater,n04265275,1.0919868,5.1269684
812,space shuttle,n04266014,1.5785834,4.7059584
813,spatula,n04270147,-0.24601804,7.162446
814,speedboat,n04273569,3.6532254,5.226083
815,"spider web, spider's web",n04275548,2.630793,8.41451
816,spindle,n04277352,1.9348867,4.2208133
817,"sports car, sport car",n04285008,2.4411008,4.5661616
818,"spotlight, spot",n04286575,1.125913,4.64747
819,stage,n04296562,1.177628,4.670739
820,steam locomotive,n04310018,2.398087,4.798016
821,steel arch bridge,n04311004,2.1257522,5.5885143
822,steel drum,n04311174,1.7977389,5.43373
823,stethoscope,n04317175,1.0570445,6.54016
824,stole,n04325704,1.6421208,6.0016923
825,stone wall,n04326547,1.7480501,5.8498745
826,"stopwatch, stop watch",n04328186,0.97300076,4.0277734
827,stove,n04330267,-0.8807863,6.8344083
828,strainer,n04332243,-0.14847955,6.874641
829,"streetcar, tram, tramcar, trolley, trolley car",n04335435,3.121451,5.17033
830,stretcher,n04336792,1.0012493,5.8092337
831,"studio couch, day bed",n04344873,0.098724455,5.233218
832,"stupa, tope",n04346328,2.4833453,6.1099534
833,"submarine, pigboat, sub, U-boat",n04347754,2.9273875,5.4803796
834,"suit, suit of clothes",n04350905,1.9647774,7.227312
835,sundial,n04355338,2.2292821,5.835751
836,sunglass,n04355933,1.0011721,6.270158
837,"sunglasses, dark glasses, shades",n04356056,1.0264921,6.422218
838,"sunscreen, sunblock, sun blocker",n04357314,0.44981226,6.773116
839,suspension bridge,n04366367,2.1346688,5.2944865
840,"swab, swob, mop",n04367480,0.362248,6.557239
841,sweatshirt,n04370456,1.6305263,7.3095536
842,"swimming trunks, bathing trunks",n04371430,0.29020128,5.672478
843,swing,n04371774,-0.67845666,4.924579
844,"switch, electric switch, electrical switch",n04372370,1.2896892,4.54174
845,syringe,n04376876,0.47705296,6.440145
846,table lamp,n04380533,0.054341394,5.3568583
847,"tank, army tank, armored combat vehicle, armoured combat vehicle",n04389033,1.2781311,5.699152
848,tape player,n04392985,1.4135648,3.9573784
849,teapot,n04398044,-0.41081646,6.9621367
850,"teddy, teddy bear",n04399382,5.2023187,7.872123
851,"television, television system",n04404412,1.0684203,4.2482524
852,tennis ball,n04409515,-0.89164364,4.832639
853,"thatch, thatched roof",n04417672,0.4690202,5.4626274
854,"theater curtain, theatre curtain",n04418357,0.80887944,4.791446
855,thimble,n04423845,-0.21358344,6.800713
856,"thresher, thrasher, threshing machine",n04428191,3.2252905,8.912465
857,throne,n04429376,2.5027788,7.831907
858,tile roof,n04435653,0.54336774,5.2619424
859,toaster,n04442312,-0.8861835,6.830271
860,"tobacco shop, tobacconist shop, tobacconist",n04443257,1.5282539,6.3161583
861,toilet seat,n04447861,0.2506148,5.9370203
862,torch,n04456115,0.7958961,5.205209
863,totem pole,n04458633,2.073097,5.9760027
864,"tow truck, tow car, wrecker",n04461696,2.6932154,4.3398986
865,toyshop,n04462240,1.7269585,8.241839
866,tractor,n04465501,2.8723476,4.395739
867,"trailer truck, tractor trailer, trucking rig, rig, articulated lorry, semi",n04467665,2.6963542,4.3437
868,tray,n04476259,0.34367865,6.0051975
869,trench coat,n04479046,1.8641409,7.443238
870,"tricycle, trike, velocipede",n04482393,3.2133904,4.4833765
871,trimaran,n04483307,3.676458,5.22288
872,tripod,n04485082,0.67221457,4.5052323
873,triumphal arch,n04486054,2.3893144,5.853355
874,"trolleybus, trolley coach, trackless trolley",n04487081,3.211475,5.0709705
875,trombone,n04487394,2.3117201,2.607386
876,"tub, vat",n04493381,-0.16753274,5.9735413
877,turnstile,n04501370,0.68674105,5.1413426
878,typewriter keyboard,n04505470,0.6232146,3.9954505
879,umbrella,n04507155,0.16328667,5.590013
880,"unicycle, monocycle",n04509417,3.3131094,4.555149
881,"upright, upright piano",n04515003,0.89675665,5.332299
882,"vacuum, vacuum cleaner",n04517823,1.1605961,5.298837
883,vase,n04522168,-0.23321266,6.6466837
884,vault,n04523525,1.6664665,5.891095
885,velvet,n04525038,1.9869031,7.5132027
886,vending machine,n04525305,1.2816527,4.7060723
887,vestment,n04532106,1.571429,7.4964046
888,viaduct,n04532670,3.0572,5.4497066
889,"violin, fiddle",n04536866,2.1828737,2.782633
890,volleyball,n04540053,-0.92364997,4.7851853
891,waffle iron,n04542943,-0.61794174,6.891533
892,wall clock,n04548280,1.0060568,4.812683
893,"wallet, billfold, notecase, pocketbook",n04548362,1.1946533,6.1652985
894,"wardrobe, closet, press",n04550184,0.22098798,6.0199685
895,"warplane, military plane",n04552348,2.8090827,5.272081
896,"washbasin, handbasin, washbowl, lavabo, wash-hand basin",n04553703,-0.23033401,6.0113125
897,"washer, automatic washer, washing machine",n04554684,-0.796927,6.536485
898,water bottle,n04557648,0.2577066,6.887001
899,water jug,n04560804,0.112255976,7.055454
900,water tower,n04562935,1.6269978,6.076307
901,whiskey jug,n04579145,0.0065784887,7.044588
902,whistle,n04579432,1.5593729,4.3712115
903,wig,n04584207,1.263613,7.2336044
904,window screen,n04589890,0.6050809,4.702437
905,window shade,n04590129,0.505056,5.026025
906,Windsor tie,n04591157,2.1731503,6.9924607
907,wine bottle,n04591713,0.12433508,6.9692674
908,wing,n04592741,3.2910895,7.144677
909,wok,n04596742,-0.5826271,7.3351994
910,wooden spoon,n04597913,-0.05978864,6.945877
911,"wool, woolen, woollen",n04599235,1.9796208,7.428906
912,"worm fence, snake fence, snake-rail fence, Virginia fence",n04604644,2.49927,8.224665
913,wreck,n04606251,2.834202,4.8551207
914,yawl,n04612504,3.805113,5.24322
915,yurt,n04613696,3.151308,6.3022757
916,"web site, website, internet site, site",n06359193,1.3189389,4.850922
917,comic book,n06596364,2.371687,7.1101513
918,"crossword puzzle, crossword",n06785654,2.5572991,6.7823024
919,street sign,n06794110,2.4866004,5.9632154
920,"traffic light, traffic signal, stoplight",n06874185,1.8466469,4.851217
921,"book jacket, dust cover, dust jacket, dust wrapper",n07248320,2.033631,7.2991824
922,menu,n07565083,0.1918363,5.1935706
923,plate,n07579787,0.39408106,5.9203544
924,guacamole,n07583066,-0.12512307,8.632077
925,consomme,n07584110,-0.24199788,8.4375725
926,"hot pot, hotpot",n07590611,-0.34282053,7.2294865
927,trifle,n07613480,-0.053234827,8.30853
928,"ice cream, icecream",n07614500,0.06640623,7.7633686
929,"ice lolly, lolly, lollipop, popsicle",n07615774,0.08415443,7.7467113
930,French loaf,n07684084,-0.5070737,7.8293915
931,"bagel, beigel",n07693725,-0.44605651,8.212325
932,pretzel,n07695742,-0.36940354,8.14576
933,cheeseburger,n07697313,-0.37523946,8.36724
934,"hotdog, hot dog, red hot",n07697537,-0.3455202,8.261914
935,mashed potato,n07711569,0.0027927642,8.661585
936,head cabbage,n07714571,0.25776508,8.644773
937,broccoli,n07714990,0.02156773,8.808654
938,cauliflower,n07715103,0.025238944,8.857342
939,"zucchini, courgette",n07716358,-0.004054759,8.777063
940,spaghetti squash,n07716906,-0.07762622,8.753669
941,acorn squash,n07717410,-0.014033974,8.749949
942,butternut squash,n07717556,-0.040617082,8.804239
943,"cucumber, cuke",n07718472,0.127906,8.71898
944,"artichoke, globe artichoke",n07718747,0.08653898,8.90056
945,bell pepper,n07720875,0.35843432,8.275411
946,cardoon,n07730033,0.54279566,9.137407
947,mushroom,n07734744,0.111178644,8.904463
948,Granny Smith,n07742313,2.956274,7.2635508
949,strawberry,n07745940,0.019737946,8.255077
950,orange,n07747607,0.49975145,8.136916
951,lemon,n07749582,0.08302855,8.398006
952,fig,n07753113,0.11810191,8.333343
953,"pineapple, ananas",n07753275,0.084643476,8.429795
954,banana,n07753592,0.056454312,8.393191
955,"jackfruit, jak, jack",n07754684,0.1274883,8.57159
956,custard apple,n07760859,-0.08457914,8.198397
957,pomegranate,n07768694,0.09691024,8.351709
958,hay,n07802026,0.7712676,8.337273
959,carbonara,n07831146,-0.2259807,8.683942
960,"chocolate sauce, chocolate syrup",n07836838,-0.0820134,8.149729
961,dough,n07860988,-0.37433058,7.936117
962,"meat loaf, meatloaf",n07871810,-0.36168656,8.09744
963,"pizza, pizza pie",n07873807,-0.4338347,8.191546
964,potpie,n07875152,-0.27845997,8.4239
965,burrito,n07880968,-0.31676546,8.387514
966,red wine,n07892512,0.29573247,7.297972
967,espresso,n07920052,-0.38448003,6.84464
968,cup,n07930864,-0.25315195,7.201133
969,eggnog,n07932039,-0.013681276,8.28552
970,alp,n09193705,3.3804328,6.620724
971,bubble,n09229709,0.27056292,6.9176073
972,"cliff, drop, drop-off",n09246464,2.9788878,6.513385
973,coral reef,n09256479,2.049589,8.694441
974,geyser,n09288635,2.1530738,6.5222893
975,"lakeside, lakeshore",n09332890,3.2583406,5.9970045
976,"promontory, headland, head, foreland",n09399592,3.5897608,5.87735
977,"sandbar, sand bar",n09421951,3.72908,5.980635
978,"seashore, coast, seacoast, sea-coast",n09428293,3.5205464,5.8342643
979,"valley, vale",n09468604,3.3809705,6.4309874
980,volcano,n09472597,2.6849148,6.675052
981,"ballplayer, baseball player",n09835506,-0.8280419,4.855958
982,"groom, bridegroom",n10148035,5.3960304,7.6386456
983,scuba diver,n10565667,3.0950687,6.115692
984,rapeseed,n11879895,0.15825427,8.689294
985,daisy,n11939491,2.793763,7.2082124
986,"yellow lady's slipper, yellow lady-slipper, Cypripedium calceolus, Cypripedium parviflorum",n12057211,2.6379905,7.206133
987,corn,n12144580,0.25062045,8.534099
988,acorn,n12267677,3.1917932,7.0529237
989,"hip, rose hip, rosehip",n12620546,1.1568172,6.4327173
990,"buckeye, horse chestnut, conker",n12768682,3.4528594,7.7261424
991,coral fungus,n12985857,1.9892544,8.709017
992,agaric,n12998815,1.919388,9.998334
993,gyromitra,n13037406,1.9943168,10.220779
994,"stinkhorn, carrion fungus",n13040303,1.9023781,10.263671
995,earthstar,n13044778,2.056259,10.233979
996,"hen-of-the-woods, hen of the woods, Polyporus frondosus, Grifola frondosa",n13052670,1.9275274,10.207982
997,bolete,n13054560,1.833314,10.065827
998,"ear, spike, capitulum",n13133613,1.1352297,6.440279
999,"toilet tissue, toilet paper, bathroom tissue",n15075141,0.15108432,6.1227856
